obs0,obs1,action_sb3,action_numpy
0,0,-0.215499878,-0.215499878
0.109582417,-0.0366729349,1.97681236,1.97681236
0.143439174,0.118420817,2.85680008,2.85680008
-0.162329063,0.28537342,-2.39194298,-2.39194298
0.104455881,0.171638578,2.5157299,2.5157299
-0.148754552,-0.0297684371,-3.2518692,-3.2518692
-0.0516807921,0.256058991,-1.96314812,-1.96314621
0.0575460494,0.193656966,1.95442772,1.95442772
-0.02263432,-0.163656771,-2.42508507,-2.42508507
0.0218339153,-0.26170966,0.1842556,0.1842556
0.131052464,0.0789986402,2.58560181,2.58560181
0.103235096,-0.087284416,1.74866295,1.74866295
0.188279212,0.235872671,4.63777542,4.63777542
0.111353397,-0.18321678,1.57259178,1.57259178
-0.0133115984,-0.273717731,-2.05844688,-2.05844688
-0.138284206,0.109829374,-2.78822517,-2.78822517
0.097904861,0.280505836,2.74963951,2.74963951
-0.0696698576,-0.0777241737,-3.0586071,-3.0586071
-0.012177675,-0.186317191,-1.70249367,-1.70249367
-0.148031399,-0.0145770442,-3.20309067,-3.20308876
-0.109236263,0.101888396,-2.6882515,-2.6882515
-0.0251392331,0.19960691,-1.5208683,-1.5208683
0.0801060423,-0.112580016,1.37872314,1.37872314
0.132903919,0.182858616,2.90870667,2.90870667
-0.0450086482,-0.127003133,-3.09877777,-3.09877777
0.0729982033,-0.216148511,0.985782623,0.985782623
-0.120036721,-0.295582652,-3.94744301,-3.94744301
0.114769749,0.0989105105,2.43579674,2.43579674
0.0820661485,0.168437421,2.22258186,2.22258186
-0.0164336897,0.0412447192,-1.3388176,-1.3388176
-0.144081205,-0.231281951,-3.85183716,-3.85183716
0.0673611835,-0.0173422769,1.49246216,1.49246216
0.0260944422,0.158999309,1.41175079,1.41175079
0.0538873263,0.0321476422,1.4550724,1.4550724
0.0236828644,-0.117629938,0.608821869,0.608819962
-0.187672868,-0.0379695669,-3.5253334,-3.5253334
-0.114166133,-0.0548828132,-3.18244934,-3.18244934
0.141361237,-0.159636304,2.02081299,2.02081299
-0.176678896,-0.131169662,-3.7424984,-3.7424984
-0.0825624987,0.0971499085,-2.58589745,-2.58589745
0.0228128601,0.170338929,1.39653969,1.39653969
0.0657254159,-0.0561678819,1.3584938,1.3584938
0.125608161,-0.199816242,1.70389366,1.70389366
-0.190915167,-0.245971277,-4.24714088,-4.24714088
0.0889437422,-0.0228736624,1.75285339,1.75285339
-0.135491282,0.000626865076,-3.10464287,-3.10464287
-0.13907516,0.117792226,-2.76885414,-2.76885414
-0.0215374902,-0.0713872612,-2.06424141,-2.06424141
-0.0793951675,0.0781695545,-2.62952042,-2.62952042
-0.0552749559,-0.247410044,-3.50678635,-3.50678635
-0.152797639,0.277138591,-2.37034035,-2.37034035
0.16343227,0.119824283,3.14658356,3.14658356
-0.0936520174,0.281505823,-2.07335663,-2.07335663
0.11150036,0.130134121,2.4844265,2.4844265
-0.0202553999,-0.136655062,-2.16355324,-2.16355324
-0.161443621,0.241561443,-2.51566696,-2.51566696
-0.0176894832,-0.178581983,-2.09668732,-2.09668732
-0.0776173472,0.0475317426,-2.71463394,-2.71463394
-0.129290894,0.213968575,-2.44188309,-2.44188309
0.103407815,0.131677777,2.38600159,2.38600159
-0.0271627847,0.0763853043,-2.04488373,-2.04488373
0.0336391889,0.0899079591,1.32735062,1.32735062
-0.166222274,-0.0505155586,-3.38859749,-3.38859558
-0.183354333,-0.00360550848,-3.37940788,-3.37940788
-0.068055518,-0.213285491,-3.46023178,-3.46023178
-0.15863882,0.0525867417,-3.05173302,-3.05173302
-0.131762818,0.255072057,-2.33384514,-2.33384514
0.0324244574,-0.0918781161,0.805049896,0.805049896
0.0363661982,-0.286317676,0.310152054,0.310152054
0.183423683,-0.0106179379,3.78745842,3.78745842
0.113094091,-0.250362009,1.39686966,1.39686966
-0.00533666788,-0.00557580357,-0.637969971,-0.637969971
0.175130576,0.0430368297,3.55740738,3.55740738
-0.01060424,-0.1398146,-1.44318581,-1.44318581
-0.067372404,0.0124034416,-2.77578735,-2.77578926
-0.0244354159,-0.287032753,-2.94006157,-2.94006157
0.130516768,0.237696469,3.03691673,3.03691673
-0.143900365,0.0324216858,-3.04406357,-3.04406357
-0.156569704,0.103344053,-2.89452744,-2.89452744
-0.087506488,0.0956535786,-2.6124649,-2.6124649
0.090797849,0.161188498,2.31219864,2.31219864
-0.156903625,0.249607101,-2.47044182,-2.47044182
-0.107914403,-0.277552456,-3.83760643,-3.83760643
0.0219409876,-0.0774466321,0.695749283,0.695749283
0.131915897,0.184950888,2.90219498,2.90219879
-0.0731444433,0.271739632,-2.01136398,-2.01136398
-0.0836328641,0.00903427787,-2.85783386,-2.85783386
-0.0976139605,0.261626154,-2.15179825,-2.15179825
-0.134156868,-0.273053616,-3.93901443,-3.93901443
-0.0259611756,0.295425326,-1.29413223,-1.29413223
0.156670913,0.149164811,3.11307335,3.11307335
0.156316996,0.236067981,3.358078,3.358078
0.00754334405,-0.110442571,0.0237903595,0.0237903595
0.108804971,0.0969967544,2.35423088,2.35423088
-0.0505369082,-0.243320003,-3.47369385,-3.47369385
0.0987158418,-0.142523691,1.53018761,1.53018761
0.174725264,-0.155417651,3.01223373,3.01223373
-0.150896832,0.198667601,-2.59010315,-2.59010315
-0.13868627,-0.19243902,-3.70620155,-3.70619965
0.0397531167,0.224737227,1.78802109,1.78802109
-0.121426135,-0.113805793,-3.39020157,-3.39020157
0.110961936,0.283095866,2.92202568,2.92202568
0.000296474493,-0.213661492,-0.839191437,-0.839191437
-0.194425479,-0.162206382,-3.98854637,-3.98854637
-0.147271112,0.106595203,-2.84061813,-2.84061813
-0.151266992,0.00379795907,-3.16130447,-3.16130447
0.0777049735,0.0486699641,1.8170681,1.8170681
-0.12008974,0.182474717,-2.48989487,-2.48989677
0.0861628503,0.143390402,2.20145035,2.20145035
-0.147576898,-0.225747719,-3.84988403,-3.84988403
0.171025023,-0.0614530854,3.07689095,3.07689095
-0.0796205252,-0.00684957299,-2.88819504,-2.88819504
0.0651456863,0.273373961,2.28233719,2.28233719
-0.08542151,0.254885048,-2.11782074,-2.11782074
-0.190056205,0.0331188254,-3.31730843,-3.31730843
0.0535900444,-0.236461565,0.677145004,0.677145004
-0.143864155,-0.0485314094,-3.28784943,-3.28784943
0.186492771,0.0576255322,4.09274483,4.09274483
0.173209295,0.182616547,3.80947876,3.80947876
-0.013047359,0.17085807,-0.690259933,-0.690259933
-0.192865282,-0.234513596,-4.22309875,-4.22309875
0.131771445,0.178090259,2.88059616,2.88059616
-0.106943704,0.0184617545,-2.93085861,-2.9308567
0.042406328,0.220643371,1.8143425,1.8143425
0.041242864,-0.0524570569,1.04025269,1.04025269
-0.0503263809,-0.0444707498,-2.87270164,-2.87269974
0.0607724115,0.220494375,2.07436752,2.07436752
-0.0184412468,-0.151296258,-2.07060623,-2.07060432
-0.105335057,0.147608563,-2.53330803,-2.53330803
0.126627505,-0.236833155,1.60785675,1.60785675
-0.173376456,0.0566601977,-3.11024857,-3.11024857
-0.141530707,0.194798514,-2.55647469,-2.55647469
-0.075866133,-0.21367684,-3.49568748,-3.49568748
0.168388188,-0.200680971,2.54457283,2.54457283
-0.0861119702,-0.207831964,-3.52305984,-3.52305984
-0.153803974,-0.287311196,-4.10033417,-4.10033417
-0.177841842,-0.195215121,-3.9716568,-3.9716568
-0.17864722,0.0546862893,-3.15314102,-3.15314102
0.0722858086,-0.0638217255,1.42035103,1.42035103
-0.0728035644,0.00271574222,-2.82913017,-2.82913017
0.150001973,0.21067898,3.20538521,3.20538521
-0.182609975,-0.191100955,-3.99467278,-3.99467278
-0.105302051,-0.150367454,-3.43260956,-3.43260956
0.0284930598,-0.0502425432,0.864776611,0.864776611
-0.180298358,-0.0758315176,-3.58535004,-3.58535004
0.00950117968,-0.238996863,-0.215303421,-0.215303421
0.133383423,-0.268822879,1.59607315,1.59607315
0.169936746,-0.240532115,2.51530457,2.51530457
0.137429982,0.241591886,3.13528252,3.13528252
0.191828266,0.181215525,4.63361359,4.63361359
0.111791015,0.085489966,2.35900497,2.35900497
0.111598544,-0.21926868,1.46953964,1.46953964
0.0144272139,0.00853372179,0.827726364,0.827726364
0.143028855,-0.0223203804,2.44438362,2.44438362
-0.0459642,0.0837379619,-2.4634285,-2.4634285
-0.0934146717,-0.216138959,-3.58049583,-3.58049583
-0.00884908997,-0.0498663783,-1.0385704,-1.0385704
-0.106972024,-0.0794929117,-3.2264061,-3.2264061
-0.0534430183,-0.103502661,-3.06496239,-3.06496239
-0.0482143685,0.111446008,-2.38905716,-2.38905716
-0.0812494084,0.269314766,-2.05507088,-2.05507088
0.166539207,-0.0114537431,2.96708298,2.96708298
-0.0686555207,0.0212608743,-2.75462341,-2.75462341
0.13942419,0.0915524065,2.72832298,2.72832298
0.121756732,0.0196333658,2.29548264,2.29548264
0.0531670526,-0.127106637,0.990638733,0.990638733
0.0939572677,-0.178557247,1.36432076,1.36432076
0.0779192522,0.216431439,2.30589485,2.30589485
-0.147158861,0.0686278418,-2.95036507,-2.95036507
-0.161961704,0.135429382,-2.82708549,-2.82708549
-0.166202709,0.261563897,-2.48004723,-2.48004723
-0.145036831,0.275328159,-2.33843994,-2.33843994
0.120353669,0.0562092029,2.38344574,2.38344574
0.113049641,0.177068904,2.64029121,2.64029121
0.178410828,-0.147969991,3.21397209,3.21397209
0.0360303596,-0.242970482,0.432365417,0.432365417
0.0464662798,-0.197225213,0.700040817,0.700040817
0.0259802453,0.043458309,1.08936501,1.08936501
-0.0136059392,0.013579065,-1.20789146,-1.20789146
0.105569355,0.179546833,2.55285454,2.55285454
-0.00313871377,0.0597560667,-0.273300171,-0.273300171
0.172494501,-0.228159845,2.68771744,2.68771744
-0.153158575,-0.247374594,-3.95837402,-3.95837402
0.0631453171,-0.0488350205,1.34674644,1.34674644
0.109728567,0.10273885,2.38262367,2.38262367
-0.0665448979,0.23901993,-2.08177948,-2.08177948
0.105012856,-0.13767904,1.62495995,1.62495995
-0.0543231927,-0.111336015,-3.09250641,-3.09250641
-0.136955336,-0.211329982,-3.75786591,-3.75786591
0.174450979,-0.0372575782,3.31955338,3.31955338
-0.0466720723,0.137811422,-2.30178452,-2.30178452
0.0211972259,0.261684,1.6268692,1.6268692
0.112120599,-0.0123782614,2.07971573,2.07971573
-0.0494562089,0.291978925,-1.8433342,-1.8433342
0.087104097,0.270716786,2.58458328,2.58458519
-0.152608573,0.210320204,-2.5643692,-2.5643692
0.0548295528,-0.226846993,0.721126556,0.721126556
0.0353032015,0.111657821,1.41136932,1.41136932
-0.195078924,-0.027409222,-3.55294037,-3.55293846
0.13015981,-0.122784585,1.98776436,1.98776436
-0.0165807679,-0.0346115232,-1.57872009,-1.578722
-0.0792290419,0.251065135,-2.10176849,-2.10176849
0.112517618,-0.233646959,1.43881416,1.43881416
0.198813871,0.227520019,5.01530457,5.01530457
-0.0864366218,0.202137947,-2.28334236,-2.28334236
-0.157432184,0.299462825,-2.3272953,-2.3272934
0.0662738979,0.0900750086,1.79157829,1.79157829
-0.163823709,0.238220036,-2.53681564,-2.53681374
-0.188400194,-0.155503169,-3.91761017,-3.91761017
-0.142791256,0.166060761,-2.64620781,-2.6462059
-0.120718308,0.246382937,-2.30602455,-2.30602455
0.0625076145,-0.278302372,0.669706345,0.669706345
-0.197828069,-0.269005239,-4.37940598,-4.37940598
0.0423700698,0.180889085,1.70373344,1.70372963
-0.104578875,0.209645301,-2.34142303,-2.34142303
-0.17710723,0.180578306,-2.76828957,-2.76829147
0.17111817,0.163265035,3.65657234,3.65657234
0.0792483166,0.202788129,2.28704262,2.28704453
-0.183939487,-0.17893073,-3.96327591,-3.96327591
-0.150030524,0.00271859416,-3.15936661,-3.15936661
0.0980752483,0.0780071095,2.16233063,2.16233063
0.140452445,-0.20687221,1.87059402,1.87059402
0.0938484371,-0.184175104,1.34657097,1.34657097
-0.0916965008,0.125942811,-2.539011,-2.539011
0.192081913,0.0669261664,4.33532333,4.33532333
-0.178199872,0.0697853789,-3.10087776,-3.10087776
-0.183059782,0.230487421,-2.65138435,-2.65138435
0.0838313177,-0.196123287,1.18324089,1.18324089
-0.163311601,-0.189880058,-3.84006119,-3.84006119
0.192010865,-0.0248636138,4.08332443,4.08332634
0.113632381,0.0818450078,2.3719368,2.3719368
0.0289652608,-0.212921843,0.421163559,0.421165466
0.178409785,-0.119194418,3.29314995,3.29314995
0.0312068872,0.119865566,1.3758831,1.3758831
0.059693262,0.264356643,2.18027306,2.18027306
-0.140624404,0.00501164328,-3.11297417,-3.11297417
-0.0383862443,-0.015498762,-2.7315712,-2.7315712
-0.152312994,-0.219543234,-3.85620499,-3.85620499
-0.0887697786,-0.117177241,-3.26179504,-3.26179504
-0.0288387146,0.0665925294,-2.1781826,-2.1781826
0.0538516454,-0.0529134609,1.21562576,1.21562576
-0.0364867561,-0.16942288,-3.17598152,-3.17597961
0.0353224985,-0.109775454,0.796833038,0.796833038
-0.185576066,-0.0489599742,-3.54312134,-3.54312134
-0.0103469295,-0.164644286,-1.49856567,-1.49856567
0.0289831739,0.0394631401,1.12102318,1.12102318
0.080800876,0.0887690857,1.97374725,1.97374725
0.0609732233,-0.110271506,1.13994217,1.13994217
0.114972889,0.0294866301,2.23745918,2.23745918
-0.0274327211,0.0756074861,-2.06760597,-2.06760597
-0.055737067,0.00764354691,-2.73852539,-2.73852539
0.0946822762,0.231841728,2.56731796,2.56731415
0.168422878,0.00217975513,3.10556221,3.10556221
0.00811004546,0.179922253,0.945075989,0.945074081
-0.074219726,0.202429414,-2.22782707,-2.22782898
-0.00234334148,-0.230485961,-1.09069443,-1.09069443
-0.171176344,0.205195934,-2.66827393,-2.66827393
-0.177772835,-0.131633133,-3.75263786,-3.75263786
-0.0663479865,-0.196203336,-3.40132713,-3.40132713
-0.0744426548,0.145615533,-2.40207672,-2.40207481
-0.194126859,0.196304053,-2.82622337,-2.82622337
0.142619208,-0.0766430572,2.28012276,2.28012276
-0.138554841,0.0605042465,-2.93682671,-2.93682671
-0.152130976,-0.0810483843,-3.42025566,-3.42025757
0.183371678,0.297278672,4.56946754,4.56946754
0.108841956,-0.113423094,1.7444973,1.7444973
0.0750660226,0.123243816,2.00165749,2.00165749
-0.0448633209,0.0845331773,-2.45609474,-2.45609474
-0.195708945,-0.174565405,-4.04016113,-4.04016113
0.0100353211,-0.20174922,-0.0627632141,-0.0627632141
-0.133637249,0.201782569,-2.49826431,-2.49826622
0.1956532,0.0335816555,4.38371277,4.38371277
0.135627896,0.294193,3.26484489,3.26484489
-0.143361643,-0.0310526323,-3.23312378,-3.23312569
-0.0429709144,-0.25197044,-3.46650887,-3.46650696
0.102132067,-0.0397325829,1.87265778,1.87265778
-0.0122692259,-0.209596217,-1.78120232,-1.78120422
-0.12762934,0.244262174,-2.34553719,-2.34553719
-0.182140365,-0.160288632,-3.88524628,-3.88524437
-0.0831762701,-0.00588147435,-2.90096474,-2.90096474
0.03457807,-0.00402601436,1.07988739,1.07988739
-0.166353866,-0.153799534,-3.7397213,-3.7397213
0.137435347,0.0825532228,2.67706871,2.67706871
0.0596596189,0.102121957,1.73104477,1.73104477
0.105161205,-0.265134901,1.25292778,1.25292778
-0.0533566475,0.0237164609,-2.67906189,-2.67905998
-0.0646174103,0.206687331,-2.17188072,-2.17188072
-0.0069709965,0.161176547,-0.257757187,-0.257757187
0.140806213,0.00287488964,2.48981476,2.48981667
0.163820893,0.052274365,2.98974609,2.98974609
0.140109718,-0.0956455246,2.19281578,2.19281578
-0.000473216583,0.0188466255,-0.194446564,-0.194446564
-0.158008114,-0.0608684942,-3.38420296,-3.38420105
0.166935071,0.078499347,3.22834206,3.22834206
-0.128997371,-0.0966866165,-3.3704319,-3.37042999
-0.123358794,-0.285106122,-3.92925644,-3.92925453
0.170984179,-0.0310756024,3.15564919,3.15564919
-0.0769859701,0.0590863153,-2.67681503,-2.67681503
-0.19707422,-0.133186743,-3.9144268,-3.9144268
0.0812133849,0.0802618638,1.95411682,1.95411682
0.19272238,0.0722146258,4.37447357,4.37447357
-0.00899765082,0.156859532,-0.424865723,-0.424865723
0.161331147,0.132417575,3.12395477,3.12395477
0.185284495,0.169203103,4.34786415,4.34786415
0.146720573,-0.231537551,1.87089157,1.87089157
0.0929654017,-0.035946779,1.76635361,1.76635361
0.0212415215,0.0924614444,1.15800285,1.15800285
0.187926054,0.290746838,4.75500298,4.75500298
-0.0847086981,0.140252098,-2.46425247,-2.46425247
0.0999934152,-0.092104286,1.69315338,1.69315338
-0.150452092,-0.275431812,-4.03354836,-4.03354836
0.110937253,-0.00618015509,2.08257103,2.08257103
0.194216073,-0.0210159272,4.17954254,4.17954254
0.191166788,-0.0530543998,3.97356224,3.97356224
0.117472857,-0.249108434,1.45595741,1.45595741
0.0221846849,0.181235865,1.41783714,1.41783714
0.169880673,0.193549857,3.66643906,3.66643906
-0.185211703,-0.0763785988,-3.6278038,-3.62780571
-0.180520609,-0.234430626,-4.12692451,-4.12692451
0.0701222494,0.127954915,1.95100975,1.95100975
0.109488271,0.219273925,2.71801567,2.71801567
0.0957725868,0.180522949,2.43163109,2.43163109
-0.180414513,-0.159278914,-3.86831474,-3.86831474
0.0487591103,0.214875177,1.88851357,1.88851357
-0.198199943,0.00877760537,-3.46297836,-3.46297836
0.0709149614,-0.282235622,0.766298294,0.766298294
-0.0394577757,0.237380922,-1.9654789,-1.9654789
0.0686451271,-0.157404989,1.10109711,1.10109711
0.141112447,-0.0911811441,2.21853638,2.21853256
0.141337872,-0.120633811,2.13499069,2.13499069
0.0361281,-0.0618359596,0.941333771,0.941333771
-0.0900699794,0.231934533,-2.20868111,-2.20868111
-0.124962524,-0.249113038,-3.8235321,-3.82353401
-0.0632292256,0.130583495,-2.39780045,-2.39780045
0.122972645,0.299246013,3.12023544,3.12023544
-0.0814551786,-0.0552348308,-3.04261208,-3.04261208
-0.145271495,0.0449231565,-3.01210213,-3.01210022
0.199032009,0.120528609,4.7478981,4.7478981
0.0380851366,-0.0645785406,0.961593628,0.961593628
0.166119501,-0.00185004238,2.96995544,2.96995544
-0.146253228,-0.0807729214,-3.3948288,-3.39482689
-0.173133329,-0.178812578,-3.87864113,-3.87864113
-0.192932487,-0.0280320495,-3.53713989,-3.53713989
0.0538161062,-0.0940245241,1.09539604,1.09539604
-0.0318472907,0.27552557,-1.61934853,-1.61934853
0.100785248,0.0245139822,2.04187012,2.04187012
-0.0861836523,0.238198087,-2.17218018,-2.17218018
-0.105961151,-0.104794361,-3.29833031,-3.29833031
0.163625926,0.017725233,2.88691902,2.88691902
0.0969271809,0.054446876,2.07937622,2.07937431
0.061375685,-0.120370023,1.1156826,1.1156826
-0.103451177,-0.106504589,-3.29296112,-3.29296112
-0.137823373,0.224588618,-2.45186615,-2.45186615
-0.0867012292,0.036893636,-2.78702736,-2.78702736
0.116789773,0.170294464,2.66788292,2.66788292
-0.0246454962,-0.0142456144,-2.12717628,-2.12717628
0.1978807,0.104758486,4.66158104,4.66158104
0.125855371,0.241532385,2.9892807,2.9892807
0.115035936,-0.188892394,1.60243797,1.60243797
0.0248682927,-0.238863513,0.290826797,0.290826797
0.0611688495,0.273209661,2.22561073,2.22561073
0.00509282574,-0.0402165055,0.0499897003,0.0499897003
-0.185662895,0.27586472,-2.53144455,-2.53144646
-0.158798933,-0.275352538,-4.09820938,-4.09820747
-0.101573355,-0.260681748,-3.75675011,-3.75675011
-0.0179528631,0.00965268072,-1.54920578,-1.54920578
-0.0749720186,-0.269423723,-3.66298676,-3.66298676
-0.155359849,-0.0692973733,-3.39845085,-3.39845085
-0.175788626,0.118913837,-2.94116974,-2.94116974
-0.117191784,-0.118757062,-3.38736153,-3.38736153
-0.0423496887,-0.0500342213,-2.85411263,-2.85411263
-0.199335724,-0.232757777,-4.26730728,-4.26730919
0.145105824,-0.299260169,1.64328003,1.64328003
0.00326694222,-0.00629879627,0.0138072968,0.0138072968
-0.0667623356,-0.0412037894,-2.93537521,-2.93537712
0.112232454,0.204722226,2.71039391,2.71039391
-0.0958605856,-0.106505737,-3.26081276,-3.26081276
-0.103006862,-0.0120819593,-3.00652695,-3.00652695
0.0733033419,-0.163048267,1.14445686,1.14445686
-0.0677057058,0.258230776,-2.02828598,-2.02828598
-0.180572286,-0.0235382374,-3.42019463,-3.42019463
0.0846232176,-0.2097276,1.15377235,1.15377235
-0.18105039,-0.217076778,-4.07159996,-4.07159805
0.16752927,-0.294444144,2.23320961,2.23320961
-0.124671213,-0.281229883,-3.92288971,-3.92288971
-0.155748218,0.0720895752,-2.98134804,-2.98134804
-0.103344433,0.0415272303,-2.84601974,-2.84601974
0.0360781513,0.209661201,1.69408989,1.69408989
-0.198103443,0.212021679,-2.80864525,-2.80864525
0.0476476364,-0.20235391,0.700265884,0.700265884
0.109174952,0.213294923,2.69667244,2.69667244
-0.0982946083,0.251276195,-2.18643951,-2.18643951
-0.0182170272,0.0620546713,-1.41120911,-1.41120911
0.193859816,-0.0830783546,3.99653053,3.99652672
0.125263736,-0.108960532,1.96660995,1.96660995
0.119685411,0.0604403503,2.38716507,2.38716507
-0.113457724,-0.0515843444,-3.1695385,-3.1695385
-0.0729457438,-0.253134966,-3.60235214,-3.60235214
-0.188066095,-0.0921128094,-3.70285606,-3.70285606
-0.192386344,-0.200707346,-4.10367393,-4.10367393
0.0900733247,0.124854743,2.19696426,2.19696426
0.0954321548,-0.109708101,1.58355331,1.58355331
0.156007782,0.0562983304,2.8370266,2.8370266
-0.149589464,-0.21376881,-3.82119179,-3.8211937
0.0772381723,-0.196233645,1.09827805,1.09827805
0.00291708065,0.295064688,0.89875412,0.89875412
-0.198396951,-0.290052116,-4.45558929,-4.45558929
0.197233826,0.0507832989,4.49155617,4.49155617
-0.149236009,0.238381326,-2.46641541,-2.46641541
0.152152121,0.0217202473,2.68774605,2.68774605
0.0487168133,-0.136087686,0.907283783,0.907283783
-0.179792121,0.0567405671,-3.15607262,-3.15607262
-0.0820979252,0.0981726274,-2.58071518,-2.58071518
0.134498075,-0.289103687,1.54705048,1.54705048
0.0382855088,-0.161231682,0.697368622,0.697368622
0.1495554,-0.147801295,2.15882301,2.15882301
0.0443080515,0.0321245044,1.31876183,1.31876183
-0.0415333994,0.106572457,-2.37406731,-2.37406731
0.0903078541,0.0401626788,1.95334244,1.95334244
0.103368893,0.290050238,2.84638786,2.84638786
-0.0322910435,0.00874983147,-2.47672462,-2.47672272
-0.195012048,0.177617133,-2.89392853,-2.89392853
0.00809202716,-0.0552231409,0.232595444,0.232595444
-0.162371218,0.233793855,-2.54278564,-2.54278564
-0.0419971049,0.109548956,-2.36706543,-2.36706352
-0.14025034,0.276929766,-2.310812,-2.310812
-0.128623292,-0.180274799,-3.6235714,-3.6235714
0.143593147,0.247549653,3.23017502,3.23017502
-0.115141034,-0.0181194674,-3.07571983,-3.07571983
0.0933979601,0.227019444,2.53701782,2.53701782
-0.048378922,0.0102116922,-2.69793892,-2.69794083
0.0966865644,0.138681591,2.32121658,2.32121658
0.11318405,0.0419602916,2.25075722,2.25075722
-0.158153966,0.242383972,-2.49752045,-2.49752045
0.146229014,0.178858459,3.06616974,3.06616974
-0.160055012,-0.177361578,-3.77159691,-3.77159691
0.0974401459,-0.286115944,1.09327507,1.09327507
0.191689849,-0.0737131909,3.93754196,3.93754196
0.0877250135,0.232542649,2.48127556,2.48127556
-0.0421480462,-0.108520508,-3.03033066,-3.03033066
0.0434964523,0.0485936254,1.35292435,1.35292435
-0.0363440104,0.0610648543,-2.44832611,-2.44832611
0.174152553,-0.0194158461,3.34976387,3.34976006
-0.121303126,-0.0736764073,-3.26897621,-3.2689743
-0.0423572063,-0.221334785,-3.37160301,-3.37160301
-0.134851396,0.110737242,-2.76940536,-2.76940536
-0.064208895,0.272939026,-1.96767426,-1.96767426
-0.102561302,-0.240645304,-3.69820976,-3.69820976
0.101401828,0.228621632,2.6429615,2.6429615
-0.0887546539,-0.178747132,-3.4471817,-3.4471817
-0.125693545,0.0132073807,-3.02554131,-3.02554131
-0.0126333432,-0.144336089,-1.61050606,-1.61050606
-0.181930751,-0.0111051956,-3.39162445,-3.39162636
0.183732942,0.0915115178,4.07712746,4.07712746
-0.00179737736,-0.233584762,-1.05870438,-1.05870438
-0.0990254804,-0.123135634,-3.32445526,-3.32445526
0.105921417,0.226026475,2.69256592,2.69256592
0.160656735,0.290741175,3.56190872,3.56190872
0.192946672,0.271799475,4.89791107,4.89791107
-0.171271145,-0.217323884,-3.99633789,-3.99633789
-0.0782133862,0.0317389518,-2.765131,-2.765131
-0.161208838,0.207478181,-2.61387444,-2.61387444
0.0467024706,0.025418641,1.33421707,1.33421707
-0.133875474,-0.148046717,-3.54543114,-3.54543114
-0.135875195,0.2111599,-2.48166847,-2.48166847
0.0336911455,0.141077653,1.47005653,1.47005272
-0.0815868527,-0.0772484168,-3.10968971,-3.10968971
-0.0380580127,0.156008989,-2.20679092,-2.20679092
0.108941197,-0.175911888,1.56360054,1.56360054
0.176615536,-0.227606803,2.91040802,2.91040611
0.15844883,-0.239762619,1.98631287,1.98631287
-0.0941840783,0.207887128,-2.30043602,-2.30043602
-0.128203169,-0.051859241,-3.23221588,-3.23221588
-0.0200562794,-0.152844623,-2.19714737,-2.19714546
0.0840980783,0.210800797,2.37194824,2.37195206
0.149830058,-0.0964067131,2.31295586,2.31295586
0.0123401573,-0.150956154,0.265872955,0.265872955
-0.102081396,-0.203247562,-3.5785656,-3.5785656
0.176007599,0.232793301,4.07178497,4.07178497
0.110943489,0.0105969124,2.13128853,2.13128853
-0.00375683373,0.0178474002,-0.447071075,-0.447071075
0.0146272052,-0.0392621495,0.697677612,0.697677612
-0.147298068,-0.224601686,-3.84506226,-3.84506226
0.180899888,-0.0107815443,3.68823051,3.68823051
0.181282207,-0.201853871,3.17843628,3.17843628
0.0217666216,-0.17536965,0.421596527,0.421596527
-0.0987261608,-0.281967252,-3.81097603,-3.81097603
-0.152418673,0.250109047,-2.44749069,-2.4474926
-0.0713868067,0.064877525,-2.63425064,-2.63425064
-0.0139943473,-0.059729252,-1.45853233,-1.45853233
0.0127544366,-0.187656626,0.186613083,0.186613083
0.195441559,0.190984726,4.79833412,4.79833412
0.0966458544,-0.0187444221,1.86341476,1.86341476
-0.138849154,0.252399504,-2.37567139,-2.37567139
-0.0634451732,-0.269935995,-3.61133003,-3.61133003
-0.063038528,0.176674217,-2.2564106,-2.2564106
0.0490834974,0.150503144,1.71488762,1.71488762
0.117454156,-0.172827229,1.68027306,1.68027306
0.16951333,-0.03720624,3.05963135,3.05963135
0.05560546,-0.29861474,0.521692276,0.521692276
0.197347403,-0.131462172,4.00033569,4.00033569
-0.175174758,-0.0250427742,-3.38019562,-3.38019562
-0.148387983,-0.208603978,-3.79970169,-3.79970169
0.0529131256,-0.0642435625,1.1705761,1.1705761
0.168740973,-0.108506106,2.82351685,2.82351685
0.09047205,-0.0233403426,1.77105904,1.77105904
0.0639805198,0.0598172136,1.6750164,1.6750164
-0.0108864112,0.270036668,-0.226024628,-0.226024628
-0.0629145429,-0.193658695,-3.378582,-3.378582
0.0712376237,0.207604542,2.18696976,2.18696976
-0.183898509,-0.0302203875,-3.46921349,-3.46921349
0.156995073,0.149771169,3.11891937,3.11891937
0.196723089,0.0188482869,4.3851738,4.3851738
0.0639982894,-0.118511833,1.15476608,1.15476608
0.179014236,-0.0801987052,3.42411423,3.42411423
0.0954042822,-0.0581158772,1.73316383,1.73316383
0.0247275718,0.131869525,1.31702423,1.31702423
0.00357366074,0.244251803,0.795030594,0.795030594
-0.0322796032,0.0882430822,-2.22583771,-2.22583771
-0.0630550236,-0.0551059991,-2.96106339,-2.96106339
-0.0239799563,-0.224515796,-2.71389961,-2.71390152
-0.163310528,0.100493953,-2.93502426,-2.93502426
0.0622070953,0.0977458283,1.75509453,1.75509453
-0.192093417,-0.104071893,-3.77624321,-3.77624321
-0.120876059,0.16689086,-2.54045486,-2.54045486
0.144252166,-0.15199177,2.07969856,2.07969856
0.0671396628,-0.222382322,0.892347336,0.892347336
-0.0899389908,-0.216807306,-3.56682014,-3.56682014
-0.0865916908,0.104841925,-2.5804615,-2.5804615
0.164130762,-0.178486556,2.37818336,2.37818336
0.0168316141,0.120834664,1.17402077,1.17402077
0.181168988,0.0660362914,3.90791321,3.90791321
-0.0979572311,0.075286895,-2.72045708,-2.72045708
-0.0718035325,0.285677046,-1.96276093,-1.96276283
-0.0401295461,0.111256629,-2.35351562,-2.35351562
-0.190708965,-0.0599631332,-3.62085724,-3.62085533
0.150043041,0.0661364645,2.78995895,2.78995895
-0.0224228445,0.261562496,-1.12798309,-1.12798309
0.141593754,-0.106670596,2.17917252,2.17917252
0.0178193599,-0.00610544626,0.835371017,0.835371017
0.0528809987,-0.0995332375,1.06733513,1.06733513
-0.102317996,0.247603104,-2.21564484,-2.21564674
0.169549793,0.205993727,3.67953873,3.67953873
0.191281766,0.146994919,4.5204525,4.5204525
0.105866894,0.15755406,2.49257088,2.49257088
-0.00775694754,-0.0261286832,-0.883937836,-0.883937836
-0.103909492,0.086891517,-2.71119118,-2.71119118
-0.0842719451,-0.145314947,-3.32682228,-3.32682228
0.0343845487,-0.0540105663,0.938241959,0.938241959
-0.112457357,0.189633608,-2.43595314,-2.43595314
0.144227967,-0.199380293,1.93977356,1.93977356
-0.196997181,-0.098322019,-3.79808044,-3.79808044
0.119004332,0.203504324,2.79242134,2.79242134
-0.14466837,0.164601535,-2.65945053,-2.65944862
-0.153718337,-0.0659624487,-3.38155174,-3.38155174
0.199443802,-0.1844455,3.93738365,3.93738365
-0.138414562,-0.0463198014,-3.25835037,-3.25835037
0.0478674099,0.259740472,1.99997711,1.99997711
0.192328453,-0.258215606,3.46174812,3.46174812
-0.144800991,0.174442783,-2.63143539,-2.63143539
-0.0917471424,0.230909437,-2.21931267,-2.21931267
0.0653813034,-0.232893124,0.839101791,0.839101791
0.133011714,-0.194186166,1.81395721,1.81395721
-0.0306018423,0.0313109569,-2.34882736,-2.34882545
0.000306459639,0.111697748,0.145793915,0.145793915
0.0610746928,0.295225203,2.28504753,2.28504753
0.199768767,0.0098756412,4.47875023,4.47875023
-0.161920369,0.13670598,-2.82317543,-2.82317543
0.190665632,-0.10900417,3.80112267,3.80112267
-0.015516446,-0.045133844,-1.52983284,-1.52983284
-0.179432333,0.103358656,-3.00372314,-3.00372314
-0.0586649217,0.172478318,-2.24965286,-2.24965286
0.132848024,0.192738473,2.93645287,2.93645287
-0.0333335996,-0.107072592,-2.87574387,-2.87574577
0.0995283127,0.180833668,2.48011398,2.48011398
-0.00349702151,0.23581861,0.232210159,0.232210159
-0.142436519,0.227441266,-2.4656868,-2.4656868
-0.161561906,-0.207884684,-3.88828087,-3.88828278
0.0135360053,-0.25948891,0.030380249,0.030380249
-0.17887716,-0.299688756,-4.33730698,-4.33730698
-0.0254733358,0.164774328,-1.65114594,-1.65114403
-0.186064661,0.0913545638,-3.09704018,-3.09704018
0.129250929,-0.199199498,1.75172424,1.75172424
-0.1412545,0.216480583,-2.49196625,-2.49196625
0.129249841,0.0233650599,2.40182495,2.40182495
0.127679959,-0.24434635,1.59904671,1.59904671
-0.0422073938,0.142678529,-2.26698112,-2.26698303
-0.0970192179,0.151397347,-2.48526001,-2.48526001
0.00167144171,0.150159597,0.36592865,0.36592865
-0.0141281448,-0.0792573988,-1.52755165,-1.52755356
-0.112324312,-0.1749724,-3.53585625,-3.53585815
0.100596324,-0.228653789,1.30267143,1.30267143
-0.165607065,-0.194225177,-3.87290001,-3.87290001
-0.1298614,0.193864569,-2.50323486,-2.50323486
-0.0405973494,0.294233084,-1.79671288,-1.79671478
-0.145115495,0.0921238959,-2.87236023,-2.87235832
-0.0205081962,-0.0642490909,-1.96503639,-1.96503639
0.150033683,0.285357386,3.41767883,3.41767883
0.149143577,-0.184619591,2.04403305,2.04403305
-0.111680828,0.0936443284,-2.72350502,-2.72350311
-0.0843665674,0.140835077,-2.46095276,-2.46095276
0.02656826,0.0305452608,1.06186485,1.06186485
0.131418765,0.126319662,2.72686386,2.72686386
-0.189368889,-0.270324528,-4.31836319,-4.31836319
0.0406233817,-0.00828475505,1.15413094,1.15413094
-0.0959261358,-0.048806347,-3.08697701,-3.08697701
0.103164129,0.195966884,2.57022095,2.57022095
0.0244892277,-0.0687783137,0.756177902,0.756177902
-0.0917212963,0.0131510822,-2.88109398,-2.88109398
-0.0741001517,0.0384570807,-2.72658539,-2.72658539
0.0706609562,-0.260352463,0.826858521,0.826862335
-0.19957301,-0.172633722,-4.06591225,-4.06591225
0.157804593,0.0877744555,2.95083809,2.95083809
-0.131215855,0.234158382,-2.39223862,-2.39223862
-0.0120176235,-0.0143449455,-1.17171478,-1.17171478
0.174216777,-0.264307976,2.67826653,2.67826653
-0.113928691,0.0514627956,-2.86053848,-2.86053848
-0.1218054,0.107716203,-2.72358704,-2.72358704
-0.114363082,-0.240505815,-3.74982262,-3.74982071
-0.117205933,-0.04635958,-3.16952324,-3.16952324
-0.129544675,-0.219184786,-3.7498455,-3.7498455
0.144112751,-0.107761681,2.20769882,2.20769882
-0.0556965247,-0.266837746,-3.56703186,-3.56703186
-0.0570521504,-0.141115695,-3.19442177,-3.19442177
0.0441940278,-0.176765814,0.730524063,0.730524063
0.155346185,0.257799983,3.40810394,3.40810394
-0.160067573,-0.235558227,-3.97164536,-3.97164536
-0.15386942,0.0717415512,-2.97338295,-2.97338295
-0.151212409,0.211429387,-2.55444336,-2.55444527
0.101708606,0.191885322,2.53991127,2.53991127
0.0104242107,0.298006326,1.47221947,1.47221947
-0.182329953,-0.0592410229,-3.54911041,-3.54911041
-0.0704253316,0.269187301,-2.00698662,-2.00698662
0.0307443831,0.183714584,1.54640388,1.54640388
-0.13186352,0.287180483,-2.24047279,-2.24047279
-0.000544181268,-0.00379675417,-0.268354416,-0.268354416
0.188353896,-0.071560584,3.81328392,3.81328392
-0.0409899913,0.0508516207,-2.54136848,-2.54136848
-0.14877896,-0.107348621,-3.48524094,-3.48524094
-0.122716673,-0.238029912,-3.77887726,-3.77887726
0.146457836,0.0535986982,2.70823288,2.70823288
-0.0565308817,-0.0547983721,-2.93134117,-2.93134117
-0.0273923986,0.0798895061,-2.05169106,-2.05169106
0.170707762,0.259667784,3.86111069,3.86111069
-0.0434032083,-0.102442525,-3.01749611,-3.01749802
-0.0195813999,0.0407605395,-1.57876968,-1.57876968
-0.0152728353,0.0952520445,-1.08773041,-1.08773041
0.0217596088,-0.107570671,0.609380722,0.609380722
-0.0617076792,-0.0728443265,-3.00875282,-3.00875282
-0.162144095,-0.200362414,-3.8669796,-3.8669796
0.0892455205,-0.0665419698,1.6298027,1.6298027
-0.114184409,0.0376034454,-2.90349388,-2.90349388
0.102215819,-0.145546585,1.56624603,1.56624603
0.130715951,0.256502926,3.09392548,3.09392548
0.0389578119,0.101368599,1.43479729,1.43479729
-0.178969607,0.267311931,-2.52437973,-2.52437973
-0.0430061072,0.254340231,-1.9295311,-1.9295311
0.0315910093,-0.297228724,0.216876984,0.216876984
-0.184583202,0.108251281,-3.03033829,-3.03033829
0.0250672046,-0.284080535,0.168869019,0.168869019
0.0973839834,0.2112872,2.54166794,2.54166794
-0.00143300707,-0.0205455367,-0.386590958,-0.386590958
-0.197810754,0.171989828,-2.93541336,-2.93541336
-0.0677135736,0.227258176,-2.12293053,-2.12293053
-0.0507757664,0.0390467457,-2.62093544,-2.62093544
-0.091863282,-0.203647017,-3.53570557,-3.53570557
0.109963164,-0.00204571267,2.08211517,2.08211517
0.0145951696,0.279249579,1.5817585,1.5817585
0.185431972,0.213385269,4.47328949,4.47328949
-0.12495628,0.0565636158,-2.89152527,-2.89152527
0.151258975,-0.0753216371,2.39269447,2.39269447
-0.159557536,0.186577737,-2.66680527,-2.66680527
-0.00729457941,0.0386356078,-0.653026581,-0.653026581
0.192857713,0.06432686,4.35841751,4.35841751
-0.0300082453,-0.0780093819,-2.67292786,-2.67292786
-0.0329522826,-0.228960544,-3.24370575,-3.24370575
0.117900223,0.202630118,2.77593422,2.77593422
-0.0862411484,-0.117722027,-3.25231552,-3.25231552
0.149733707,-0.285617799,1.74083138,1.74083138
0.00818297733,-0.0217945706,0.340648651,0.340652466
0.0760507062,-0.201964974,1.06632996,1.06632996
0.0673322976,-0.0739595965,1.32730865,1.32730865
0.0474859104,-0.275942981,0.483449936,0.483449936
-0.0153091215,0.0133505361,-1.33773232,-1.33773232
-0.114269435,-0.216225803,-3.6731739,-3.67317581
-0.124610282,-0.0935153514,-3.34252357,-3.34252357
-0.161275938,0.268391877,-2.43651199,-2.43651199
-0.0380023755,0.185381755,-2.11222649,-2.11222649
0.189766854,-0.25155884,3.37595367,3.37595367
0.0606677867,0.22284545,2.07938004,2.07938194
0.0536937751,-0.0425843261,1.24368668,1.24368668
-0.027569456,-0.278460681,-3.1495266,-3.1495266
0.013840301,0.296125799,1.61780739,1.61780739
0.183483005,-0.275760472,3.06175423,3.06175423
0.0823188052,-0.118941084,1.38858604,1.38858604
0.161195666,-0.272931159,1.95240974,1.95240974
0.174349636,0.202485442,3.91508865,3.91508865
-0.152998254,-0.264105409,-4.01452637,-4.01452637
0.133883059,-0.206545398,1.7886219,1.7886219
0.0139592616,0.249446914,1.4900856,1.49008942
0.0269792452,-0.0616600178,0.811460495,0.811460495
-0.0219935775,-0.262129694,-2.67957306,-2.67957306
0.187500924,-0.113607489,3.66483879,3.66483879
-0.124254607,-0.128371626,-3.44581223,-3.44581223
0.185749277,-0.243428364,3.23954201,3.23954201
0.146921217,0.124706335,2.91910172,2.91910172
0.132007673,0.285538524,3.19427299,3.19426918
0.136861861,0.266029418,3.19887924,3.19887924
-0.149225891,0.177473143,-2.64381218,-2.64381218
0.0182702783,0.0260973573,0.931306839,0.931306839
0.159568638,0.283082277,3.52841377,3.52841568
0.0819353312,-0.0102369664,1.69984436,1.69984436
-0.0174384564,-0.068195127,-1.74481201,-1.74481201
-0.055360388,-0.065095894,-2.95732498,-2.95732307
-0.16409871,-0.25353834,-4.06468201,-4.06468391
0.111947939,-0.0323562659,2.01957321,2.01957321
0.1722738,0.067332603,3.47493935,3.47493935
-0.185929611,-0.205486,-4.06983376,-4.06983376
-0.117672086,0.285441607,-2.17697144,-2.17697334
-0.112518311,0.00945340563,-2.98149872,-2.98150063
0.174470767,0.28631565,4.10338974,4.10338974
-0.105455823,-0.270529419,-3.80475616,-3.80475616
-0.138559267,-0.262002915,-3.92377663,-3.92377663
-0.121950306,0.0411418304,-2.92547035,-2.92547035
0.164979517,0.0223313309,2.97266769,2.97266769
0.050395824,-0.178879648,0.804065704,0.804065704
0.120233446,0.0706733465,2.42375374,2.42375374
0.145654738,0.269305855,3.31891441,3.31891441
-0.0608396903,-0.245652571,-3.52590942,-3.52590942
-0.109628417,-0.0372950621,-3.11039734,-3.11039734
0.178277463,-0.0730141029,3.41495514,3.41495514
0.108309284,0.024286015,2.13732719,2.13732719
-0.126876488,-0.107559532,-3.39423943,-3.39423943
0.0612767525,0.103712037,1.75840569,1.75840569
-0.0260961019,-0.162812635,-2.68400955,-2.68400955
0.0887627155,-0.198676169,1.23909378,1.23909378
0.17466788,-0.187257856,2.91958237,2.91958237
-0.157075047,-0.00141137862,-3.20136261,-3.20136261
0.00781983882,0.00491574872,0.393857956,0.393857956
-0.0253330041,0.296888947,-1.24208069,-1.24208069
-0.00548775494,-0.0132320514,-0.672599792,-0.672599792
-0.0312935747,-0.259904534,-3.28483009,-3.28483009
0.0371826515,-0.163219333,0.676082611,0.676082611
0.055043593,-0.269499928,0.599431992,0.599431992
0.192554846,-0.0185969528,4.12155724,4.12155724
0.15870215,-0.0146632958,2.66363335,2.66363335
-0.175867677,0.193328127,-2.72527504,-2.72527504
0.0592734925,0.169054225,1.91086006,1.91086006
-0.0287320539,0.0827620476,-2.12355614,-2.12355614
0.142491609,0.0786392689,2.73006058,2.73006058
-0.0609305464,0.0975177586,-2.4882679,-2.48826599
0.0687416717,0.276352167,2.34141922,2.34141922
-0.0516350716,-0.0449509397,-2.87993431,-2.87993431
0.124849185,0.00345738884,2.28809738,2.28809738
0.0946292356,-0.0241743214,1.82184219,1.82184219
-0.113801941,0.147122309,-2.57051086,-2.57051086
-0.147537932,-0.180849805,-3.70885658,-3.70885658
0.0507299937,0.148361877,1.73233795,1.73233795
0.15787515,-0.1364481,2.2963295,2.2963295
-0.155710295,0.273627996,-2.39455795,-2.39455795
-0.138230771,-0.181399807,-3.66951942,-3.66951942
-0.0834682211,0.0176348127,-2.83106995,-2.83106995
0.153130233,0.15632762,3.0888176,3.0888176
0.0832630247,-0.194891661,1.17953491,1.17953491
-0.0569269471,-0.0129570439,-2.80640411,-2.80640411
-0.141029611,-0.135942176,-3.53896904,-3.53896904
-0.0766667202,-0.223634288,-3.52913666,-3.52913475
0.0200958773,0.123016916,1.22654343,1.22654343
-0.172027349,-0.0113261389,-3.31005096,-3.31005096
0.112884477,0.148794085,2.55598068,2.55598068
0.126029238,-0.0310556199,2.20320129,2.20320129
0.128222838,-0.155548155,1.86707306,1.86707306
-0.0556757748,-0.194186658,-3.34836197,-3.34836197
-0.0130061843,-0.0647639856,-1.39883614,-1.39883614
-0.103629157,0.151068419,-2.51561928,-2.51561928
-0.0744612888,-0.136317402,-3.25656128,-3.25656128
-0.147643864,-0.0367069803,-3.26810074,-3.26810074
-0.0788141489,-0.0784362927,-3.10105896,-3.10105896
-0.105601095,0.1578933,-2.50325584,-2.50325394
0.172001332,-0.00124088838,3.28721619,3.28721619
0.0571993701,0.220303372,2.0232048,2.0232048
0.199531853,0.0681098923,4.62697792,4.62697792
0.155911788,0.245164946,3.37903786,3.37903786
0.116580598,-0.0234411657,2.10461617,2.10461617
-0.167538404,-0.290516675,-4.21801567,-4.21801376
-0.00911974628,-0.00341127999,-0.918758392,-0.918758392
-0.0370550454,0.0409004092,-2.5357132,-2.5357132
0.0208650809,0.201967821,1.45658302,1.45658302
-0.15653716,-0.164893404,-3.7012043,-3.7012043
0.117201991,0.208702117,2.78475952,2.78475952
0.19792968,0.223747209,4.97334671,4.97334671
0.155959606,-0.111391231,2.34618187,2.34618187
-0.0393353477,-0.139148936,-3.11046028,-3.11046028
0.0425197594,0.263283223,1.93395615,1.93395615
-0.0621436462,0.0342010707,-2.68634033,-2.68633842
-0.0814801455,-0.198120013,-3.47353554,-3.47353363
-0.121925786,-0.265232801,-3.86069107,-3.86069107
0.179717407,-0.0582722351,3.51189995,3.51189995
0.133648351,0.108797684,2.70465088,2.70465088
-0.123231538,-0.194722652,-3.64517212,-3.64517212
0.12479528,-0.141172975,1.86605835,1.86605835
0.165314078,-0.215966761,2.3359127,2.3359127
0.0710834488,0.188684329,2.13252258,2.13252258
-0.105897442,-0.134275585,-3.38673401,-3.3867321
0.185807556,-0.141241431,3.5227623,3.5227623
-0.02801718,-0.0404906459,-2.46010208,-2.46010208
-0.0987861007,0.165474653,-2.45027161,-2.45027161
0.108739734,-0.0730091929,1.86057091,1.86057091
0.13405031,-0.172155038,1.89181519,1.89181519
-0.198277697,0.0427004173,-3.35489464,-3.35489464
0.197631106,-0.276813418,3.62686539,3.62686539
-0.11680077,0.0113487858,-2.99377823,-2.99377823
0.123976298,-0.246574804,1.54566383,1.54566383
-0.041906137,0.148245484,-2.2486515,-2.2486515
-0.0513827167,-0.186698154,-3.30693054,-3.30692863
-0.121801667,-0.0539707281,-3.21173286,-3.21173286
-0.00823317003,0.217088655,-0.184530258,-0.184530258
0.0569009669,0.114241175,1.72544479,1.72544479
0.193194866,-0.0528939366,4.05297852,4.05297852
-0.0386582389,0.254008174,-1.91106224,-1.91106224
-0.101649769,0.137889147,-2.54691124,-2.54691124
0.101829253,-0.241327196,1.28092384,1.28092384
-0.0127074374,-0.179662511,-1.7225399,-1.7225399
-0.125849888,-0.0217031334,-3.1314888,-3.1314888
-0.0842281133,0.177636266,-2.34818649,-2.34818649
0.163041949,0.18163237,3.28693008,3.28693008
-0.0935876518,-0.13551937,-3.33825874,-3.33825874
-0.0981086567,-0.218977138,-3.61047554,-3.61047554
0.177519351,-0.0587713197,3.41736412,3.41736412
-0.110124208,0.208002627,-2.37011528,-2.37011528
-0.0403218791,-0.278929919,-3.53595543,-3.53595543
-0.135223374,0.0835502073,-2.85317612,-2.85317612
0.113162108,-0.173439369,1.62422943,1.62422943
0.166958243,0.210598275,3.55860519,3.55860519
0.139352307,-0.163403317,1.98441696,1.98441696
-0.179785609,0.220454127,-2.66498756,-2.66498756
-0.0776799098,0.0713498294,-2.64261627,-2.64261627
0.103986755,-0.22302404,1.36217499,1.36217117
0.112335339,0.263106883,2.8813324,2.8813324
0.0913499892,-0.035266351,1.74765205,1.74765205
0.150671259,0.0164745785,2.6538372,2.6538372
0.0979083702,0.192303568,2.49301147,2.49301529
0.099741146,-0.127287075,1.58764076,1.58764076
-0.152862445,-0.156996876,-3.65743065,-3.65743256
0.00114997476,0.00316615333,-0.118492126,-0.118492126
0.0330577381,-0.0629388988,0.894523621,0.894523621
0.114756554,0.247892246,2.86771965,2.86771965
-0.101309977,0.141913936,-2.53319168,-2.53319168
0.0711887404,0.0138542997,1.63223648,1.63223648
-0.124587908,0.177139357,-2.52668381,-2.52668381
0.184250519,0.133101806,4.21001244,4.21001244
0.167144001,0.290511161,3.74417686,3.74417686
-0.0591797307,0.0829341337,-2.52485847,-2.52485847
-0.010426905,0.291977257,-0.124700546,-0.124700546
-0.162476867,-0.0525750518,-3.37797165,-3.37797165
0.150215611,-0.129569218,2.22060776,2.22060776
0.11511714,-0.0703301057,1.94991302,1.94991302
0.191991419,0.230117902,4.763937,4.76393318
-0.0794718564,0.162115872,-2.3742466,-2.3742466
-0.0652573854,0.0638177022,-2.61014557,-2.61014557
0.0633923039,0.197757244,2.0486393,2.0486393
-0.190219671,-0.167905271,-3.9743576,-3.9743576
0.0847671255,0.0381139405,1.87653542,1.87653542
-0.00175796868,-0.266874015,-1.15873909,-1.15873909
-0.0606896468,0.219060138,-2.11652946,-2.11652946
-0.187642872,-0.0621382594,-3.60241127,-3.60241127
0.17805931,-0.269471556,2.85698128,2.85698509
0.0998822972,-0.145432428,1.53667641,1.53667641
0.146643534,0.147640795,2.98160934,2.98160934
0.154282063,-0.170445129,2.14909363,2.14909363
0.0125171021,0.167561963,1.230299,1.230299
-0.101720102,-0.161552221,-3.45122528,-3.45122528
-0.189127147,0.275109172,-2.55023003,-2.55023003
0.0840067491,0.0813362151,1.99276733,1.99276733
0.0975978896,0.0189677514,1.98504639,1.98504639
-0.00954647176,-0.0302806552,-1.03233337,-1.03233337
0.0561756864,-0.179079011,0.877752304,0.877752304
0.155223474,0.187051415,3.20360374,3.20359993
-0.0601745546,0.0471655764,-2.63813972,-2.63813972
-0.143589079,0.283407748,-2.30787659,-2.30787659
0.161157072,0.253138512,3.46809387,3.46809387
-0.0671347827,-0.19851917,-3.4117527,-3.4117527
-0.115291134,-0.245999172,-3.7711525,-3.77115059
-0.151955754,-0.257217288,-3.98278236,-3.98278236
0.195929229,-0.255565375,3.61268234,3.61268234
-0.146983162,0.19635275,-2.57808685,-2.57808876
0.0320960879,0.164650321,1.51275444,1.51275444
0.0523648039,0.229305044,1.97956467,1.97956467
0.0553870127,0.0132750561,1.42404366,1.42404366
0.0850998759,-0.0315643474,1.67838287,1.67838287
-0.0615744703,-0.0194085278,-2.84651184,-2.84651184
-0.132114351,0.177943036,-2.56043053,-2.56043053
-0.0957184881,-0.207881078,-3.56521988,-3.56521988
-0.101459101,0.205242097,-2.34101677,-2.34101677
-0.0679194853,0.111629918,-2.4764843,-2.4764843
0.14256385,-0.253353208,1.7539444,1.7539444
0.106009759,-0.115400717,1.70248795,1.70248795
-0.113351054,0.11334087,-2.67092514,-2.67092514
0.163918644,-0.122988477,2.52361298,2.52360916
0.0275335219,-0.126099527,0.640205383,0.640205383
0.0217142347,0.0731172189,1.11100388,1.11100388
0.0441341549,0.0741278231,1.43283653,1.43283844
-0.14596808,0.11612428,-2.80668831,-2.80669022
0.0699001402,0.109552875,1.89594269,1.89594269
-0.170371786,-0.0318966955,-3.36227608,-3.36227608
-0.036385946,-0.247973114,-3.41736031,-3.41736031
-0.111052826,-0.035422422,-3.11073303,-3.11073303
0.0971625224,-0.157762751,1.46594429,1.46594429
0.131899968,0.0274789706,2.44749451,2.44749451
0.104168676,-0.0164664108,1.96623421,1.96623421
-0.000322309817,0.0718316361,-0.022644043,-0.022644043
0.17118825,-0.00491245138,3.2363739,3.2363739
0.0114630153,0.0611981787,0.840864182,0.840864182
0.0950060561,-0.25688979,1.14864159,1.14864159
0.00627497537,-0.0110450462,0.228134155,0.228134155
0.168673992,-0.00389605178,3.10297012,3.10297012
-0.0126717864,0.277319998,-0.339706421,-0.339708328
-0.0197694153,-0.191469342,-2.29399872,-2.29399872
-0.113233551,-0.242887482,-3.75231743,-3.75231743
-0.199772745,-0.0408326052,-3.63476753,-3.63476753
0.107697032,0.140079871,2.46483994,2.46483994
-0.18714036,0.0419897437,-3.26460075,-3.26460075
-0.138286754,0.264645785,-2.33723831,-2.33723831
-0.133054003,0.0759835318,-2.86691666,-2.86691666
-0.0695046559,0.0849367976,-2.56482697,-2.56482697
-0.0350965597,0.155785829,-2.1076622,-2.1076622
-0.107728347,0.243475109,-2.25178146,-2.25178146
8.38597261e-05,0.153655887,0.25582695,0.25582695
0.139892071,0.299297154,3.33082008,3.33082008
-0.110421732,-0.127864555,-3.38639832,-3.38640022
-0.099826768,-0.142277196,-3.38537407,-3.38537407
0.0329778977,0.296113521,1.8894577,1.8894577
0.196111232,0.0160639379,4.35390091,4.35390091
0.055610884,0.215982333,1.98873901,1.98873901
0.173173383,-0.177683622,2.86641121,2.86641121
0.0114166914,0.199702233,1.24967766,1.24967766
-0.0787191689,-0.0361145735,-2.97274208,-2.97274208
0.194248438,0.291028023,4.99983978,4.99983978
0.162442729,0.179069012,3.27199745,3.27199745
-0.0923478007,-0.107489958,-3.24832726,-3.24832726
0.0189131368,0.0364664234,0.969284058,0.969284058
0.00220112782,0.0820021704,0.199975967,0.199975967
-0.0366707891,0.149504498,-2.18055916,-2.18055916
-0.0665800273,-0.1015938,-3.11709023,-3.11709023
-0.149109617,-0.186772674,-3.73438263,-3.73438263
0.140208349,-0.032230597,2.37989998,2.37989998
-0.108852886,0.155604661,-2.52391815,-2.52391815
0.0215924494,-0.287306398,0.110137939,0.110137939
-0.0734554157,-0.193799153,-3.42530251,-3.42530251
0.0623491444,-0.134981379,1.08560371,1.08560371
-0.174021289,-0.267039001,-4.18804169,-4.18804169
0.0326909199,-0.286965936,0.260984421,0.260984421
0.139516845,-0.206761733,1.85910988,1.85910988
0.0426265337,-0.0331871845,1.11348915,1.11348915
-0.0228593908,-0.256921709,-2.72890091,-2.72890091
0.121100903,0.235831484,2.91277122,2.91277122
-0.195593327,-0.192837492,-4.10165405,-4.10165405
0.161561683,0.0296961684,2.8290062,2.8290062
-0.139984176,-0.178325728,-3.66760063,-3.66760254
0.0639944971,0.134890094,1.88328934,1.88328934
0.0397707224,0.271889031,1.91877747,1.91877747
-0.00237455848,-0.119836852,-0.758428574,-0.758428574
-0.00910683628,-0.0842002258,-1.16182137,-1.16182137
-0.110233642,-0.272422045,-3.83173752,-3.83173752
-0.0591150038,0.126845613,-2.39081383,-2.39081383
-0.192624882,-0.0364928916,-3.56166458,-3.56166458
0.0576037616,0.0662424639,1.60243225,1.60243225
0.110659376,0.186311826,2.63694763,2.63694763
0.0846823305,-0.238321379,1.07120895,1.07120895
-0.00999102276,0.0620435737,-0.787088394,-0.787088394
-0.101773582,-0.274468899,-3.80088615,-3.80088615
-0.110563874,-0.0270633586,-3.0834713,-3.0834713
-0.0344278738,-0.193999812,-3.18391991,-3.18391991
0.129766211,0.255412012,3.07880402,3.07880402
-0.119460672,0.257743746,-2.26670456,-2.26670456
-0.192855611,0.254977494,-2.62680244,-2.62680244
0.180771515,-0.292768896,2.90762711,2.90762711
0.105207719,0.282120943,2.84656906,2.84656906
0.162360892,0.282426089,3.55811119,3.55811119
0.0201294031,-0.253106326,0.18356514,0.18356514
0.139915675,0.068296954,2.6674633,2.6674633
0.0458946973,-0.0496478342,1.11429977,1.11429977
0.0287367906,-0.207852125,0.431880951,0.431877136
0.0959080085,-0.254989624,1.16567039,1.16567039
0.0919123068,0.209387049,2.46684647,2.46684647
-0.011012529,0.00589821953,-1.0343132,-1.0343132
-0.0751142874,0.28167516,-1.9898262,-1.9898262
0.0932497904,-0.0786068663,1.64601898,1.64601898
-0.130077049,-0.168252245,-3.59219742,-3.59219742
-0.0144310854,0.265541047,-0.509054184,-0.509054184
0.0936585367,-0.170853749,1.38291359,1.38291359
0.143824458,-0.0730796829,2.30573463,2.30573463
0.140688866,-0.154980242,2.0260067,2.0260067
0.0474642441,0.256002307,1.98392487,1.98392487
-0.0968423933,0.115755953,-2.59279633,-2.59279633
0.194925055,-0.209641024,3.69205475,3.69205475
-0.164639086,0.104517117,-2.92968941,-2.92968941
-0.0641056225,-0.257253319,-3.57509804,-3.57509613
-0.00987775251,0.152262405,-0.505661011,-0.505661011
-0.0859510377,-0.0989718735,-3.1944828,-3.1944828
0.138279766,0.0120431473,2.4841404,2.4841404
