test_id,initial_angle_deg,steps,duration_s,final_angle_deg,final_omega_rad_s,max_abs_angle_deg,max_abs_omega_rad_s,max_abs_action,final_action,mean_abs_angle_last_1s_deg,max_abs_angle_last_1s_deg,total_reward,terminated,truncated,completed_horizon,passed
1,5.479120971119267,500,5.0,0.1862420290708542,9.020556171890348e-05,5.479120971119267,0.33450040221214294,1.9048175811767578,0.03190040588378906,0.18624222561717033,0.18624268472194672,-2.2697191329557618,False,True,True,True
2,-1.2224312049589532,500,5.0,0.18624232709407806,9.09993686946109e-05,1.2224312049589532,0.5445145964622498,1.834268569946289,0.03189659118652344,0.18624219700694084,0.1862427145242691,-0.4805353047939449,False,True,True,True
3,7.171958398227648,500,5.0,0.18624180555343628,9.008277265820652e-05,7.171958398227648,0.36073970794677734,2.2822322845458984,0.03190040588378906,0.18624225988984108,0.18624289333820343,-3.8076573696685356,False,True,True,True
4,3.9473605811872776,500,5.0,0.18624205887317657,9.035758557729423e-05,3.9473605811872776,0.30745038390159607,1.5625572204589844,0.03190040588378906,0.1862422478199005,0.1862426996231079,-1.278679695803155,False,True,True,True
5,-8.11645304224701,500,5.0,0.18624258041381836,9.072503598872572e-05,8.11645304224701,0.7797421813011169,3.132425308227539,0.03189659118652344,0.18624229565262795,0.18624292314052582,-6.115929147842187,False,True,True,True
6,9.512447032735118,500,5.0,0.18624240159988403,9.12885952857323e-05,9.512447032735118,0.4689589738845825,2.9696884155273438,0.03189659118652344,0.18624218165874482,0.18624266982078552,-6.779978989001117,False,True,True,True
7,5.222794039807059,500,5.0,0.18624258041381836,9.024660539580509e-05,5.222794039807059,0.3301079571247101,1.8475914001464844,0.03190040588378906,0.18624222919344902,0.18624275922775269,-2.078405641138058,False,True,True,True
8,5.721286105539075,500,5.0,0.1862422376871109,9.096154099097475e-05,5.721286105539075,0.33864909410476685,1.9588680267333984,0.03189659118652344,0.18624221563339233,0.18624268472194672,-2.458991008791829,False,True,True,True
9,-7.4377273464890825,500,5.0,0.18624258041381836,9.06354543985799e-05,7.4377273464890825,0.7791681289672852,3.0826892852783203,0.03189659118652344,0.18624227583408356,0.18624292314052582,-5.398812495448223,False,True,True,True
10,-0.9922812420886569,500,5.0,0.18624247610569,9.111196413869038e-05,0.9922812420886569,0.4558503329753876,1.5302658081054688,0.03189659118652344,0.1862423062324524,0.18624280393123627,-0.3516541403365272,False,True,True,True
11,-2.5840395153483753,500,5.0,0.18624240159988403,9.094342385651544e-05,2.5840395153483753,0.7828449010848999,2.714374542236328,0.03189659118652344,0.1862422902882099,0.1862427443265915,-1.4403019458868065,False,True,True,True
12,8.535299776972035,500,5.0,0.18624219298362732,9.073218825506046e-05,8.535299776972035,0.3806614875793457,2.5843143463134766,0.03189659118652344,0.18624234035611154,0.18624284863471985,-5.437748847720576,False,True,True,True
13,2.8773024016132904,500,5.0,0.18624240159988403,9.109411621466279e-05,2.8773024016132904,0.28766149282455444,1.313690185546875,0.03189659118652344,0.18624225080013276,0.18624284863471985,-0.7768152916291757,False,True,True,True
14,6.455232265416598,500,5.0,0.1862424612045288,9.02755418792367e-05,6.455232265416598,0.3512088656425476,2.122560501098633,0.03190040588378906,0.18624226674437522,0.18624280393123627,-3.094397806418479,False,True,True,True
15,-1.131716023453377,500,5.0,0.18624217808246613,9.16962162591517e-05,1.131716023453377,0.509587824344635,1.7145061492919922,0.03189659118652344,0.18624220460653304,0.18624275922775269,-0.4269622396891592,False,True,True,True
16,-5.455225564304462,500,5.0,0.18624170124530792,9.04264161363244e-05,5.455225564304462,0.7839133739471436,2.9362945556640625,0.03189659118652344,0.1862422575056553,0.1862426996231079,-3.601805423202969,False,True,True,True
17,1.0916957403166965,500,5.0,0.18624238669872284,9.162446076516062e-05,1.0916957403166965,0.24696817994117737,0.8699321746826172,0.03189659118652344,0.1862422488629818,0.18624261021614075,-0.2051181864327694,False,True,True,True
18,-8.723654877916493,500,5.0,0.18624190986156464,9.065247286343947e-05,8.723654877916493,0.7822510004043579,3.1768970489501953,0.03189659118652344,0.1862422576546669,0.18624277412891388,-6.815138020329825,False,True,True,True
19,6.55262343985164,500,5.0,0.18624156713485718,9.045040496857837e-05,6.55262343985164,0.35287362337112427,2.144268035888672,0.03189659118652344,0.18624215871095656,0.18624275922775269,-3.1855249029867916,False,True,True,True
20,2.6332879824412974,500,5.0,0.18624213337898254,9.125144424615428e-05,2.6332879824412974,0.2831049859523773,1.253091812133789,0.03189659118652344,0.18624231934547425,0.18624284863471985,-0.6810370569286764,False,True,True,True
21,5.1617548017074775,500,5.0,0.18624235689640045,9.10818125703372e-05,5.1617548017074775,0.3290615379810333,1.8339595794677734,0.03189659118652344,0.1862422788143158,0.1862427443265915,-2.0345508461603123,False,True,True,True
22,-2.9094806374026323,500,5.0,0.18624238669872284,9.093554399441928e-05,2.9094806374026323,0.7770072221755981,2.739673614501953,0.03189659118652344,0.18624229744076728,0.18624275922775269,-1.6715002067564173,False,True,True,True
23,9.413960487898066,500,5.0,0.18624189496040344,9.086947829928249e-05,9.413960487898066,0.4386049509048462,2.8764076232910156,0.03189659118652344,0.18624239534139633,0.1862429529428482,-6.6539254736474245,False,True,True,True
24,7.862422426443953,500,5.0,0.18624219298362732,9.086515638045967e-05,7.862422426443953,0.3702287971973419,2.435880661010742,0.03190040588378906,0.18624220311641693,0.1862426996231079,-4.587220601115451,False,True,True,True
25,5.567669941475238,500,5.0,0.1862425059080124,9.096457506529987e-05,5.567669941475238,0.3360169529914856,1.9245834350585938,0.03189659118652344,0.18624235719442367,0.18624277412891388,-2.337185337638042,False,True,True,True
26,-6.1072258429606485,500,5.0,0.18624193966388702,9.107957157539204e-05,6.1072258429606485,0.7747840881347656,2.9851226806640625,0.031894683837890625,0.18624231159687044,0.1862429678440094,-4.149875757265593,False,True,True,True
27,-0.6655799254593155,500,5.0,0.1862422376871109,9.089276136364788e-05,0.6655799254593155,0.32973533868789673,1.0979690551757812,0.03189659118652344,0.186242266446352,0.18624280393123627,-0.2083248690332547,False,True,True,True
28,-9.123924684255424,500,5.0,0.1862422227859497,9.004266757983714e-05,9.123924684255424,0.7794318795204163,3.207010269165039,0.03190040588378906,0.18624228984117508,0.18624283373355865,-7.312033596248013,False,True,True,True
29,-6.914210158649043,500,5.0,0.186242014169693,9.058717114385217e-05,6.914210158649043,0.7831036448478699,3.044309616088867,0.03189659118652344,0.1862422852218151,0.1862429529428482,-4.885083245856057,False,True,True,True
30,3.6609790648490925,500,5.0,0.1862424612045288,9.099324233829975e-05,3.6609790648490925,0.3021869361400604,1.4986457824707031,0.03189659118652344,0.18624224469065667,0.1862427145242691,-1.130176416862397,False,True,True,True
31,4.895243118156342,500,5.0,0.18624255061149597,9.114912245422602e-05,4.895243118156342,0.3244926333427429,1.7744331359863281,0.03189659118652344,0.18624226927757262,0.18624283373355865,-1.8506214501217757,False,True,True,True
32,9.350194648684202,500,5.0,0.1862417757511139,9.109086386160925e-05,9.350194648684202,0.41894757747650146,2.815967559814453,0.03189659118652344,0.18624220043420792,0.18624289333820343,-6.573629533694646,False,True,True,True
33,-3.4834928372369607,500,5.0,0.18624277412891388,9.147723176283762e-05,3.4834928372369607,0.7820290923118591,2.7842845916748047,0.03189659118652344,0.18624230787158014,0.18624277412891388,-2.086192624339989,False,True,True,True
34,-2.5908058793026223,500,5.0,0.1862425059080124,9.028419299283996e-05,2.5908058793026223,0.7826449275016785,2.7148971557617188,0.03190040588378906,0.18624231964349747,0.18624275922775269,-1.4449822929540055,False,True,True,True
35,-0.6088837744838411,500,5.0,0.18624210357666016,9.107665391638875e-05,0.6088837744838411,0.30782410502433777,1.0228729248046875,0.03189659118652344,0.1862422975897789,0.1862426996231079,-0.18818312775757026,False,True,True,True
36,-6.2105728183142865,500,5.0,0.18624259531497955,9.069689986063167e-05,6.2105728183142865,0.7840718030929565,2.992704391479492,0.03190040588378906,0.18624225556850432,0.18624287843704224,-4.242381743697916,False,True,True,True
37,-7.401569893290567,500,5.0,0.1862422674894333,9.056563430931419e-05,7.401569893290567,0.7804819941520691,3.0800399780273438,0.03189659118652344,0.18624225199222566,0.1862427145242691,-5.361104229799512,False,True,True,True
38,-0.48590147548132556,500,5.0,0.18624238669872284,9.16219360078685e-05,0.48590147548132556,0.2602747678756714,0.8599166870117188,0.03189659118652344,0.18624224692583083,0.18624277412891388,-0.1493057422624781,False,True,True,True
39,-5.461813018982317,500,5.0,0.18624195456504822,9.0427442046348e-05,5.461813018982317,0.7836938500404358,2.9368019104003906,0.03189659118652344,0.1862423001229763,0.1862429529428482,-3.6071638457712947,False,True,True,True
40,3.396279893650206,500,5.0,0.18624243140220642,9.03979962458834e-05,3.396279893650206,0.29732224345207214,1.4397563934326172,0.03190040588378906,0.18624224066734313,0.1862429678440094,-1.0026089271175371,False,True,True,True
41,-1.2569616225533853,500,5.0,0.18624240159988403,9.098375448957086e-05,1.2569616225533853,0.5578030347824097,1.8798370361328125,0.03189659118652344,0.18624233976006507,0.18624286353588104,-0.5018769557101359,False,True,True,True
42,6.653563921156749,500,5.0,0.18624205887317657,9.034641698235646e-05,6.653563921156749,0.3541669547557831,2.1667633056640625,0.03189659118652344,0.1862422862648964,0.18624289333820343,-3.282147468165005,False,True,True,True
43,4.005302040044983,500,5.0,0.18624213337898254,9.102217882173136e-05,4.005302040044983,0.30851638317108154,1.5755138397216797,0.03189659118652344,0.1862422640621662,0.18624277412891388,-1.3098779225256056,False,True,True,True
44,-3.7526671723591782,500,5.0,0.18624231219291687,9.128319652518257e-05,3.7526671723591782,0.7755337357521057,2.8050689697265625,0.03189659118652344,0.18624220237135888,0.1862426996231079,-2.282941036669419,False,True,True,True
45,6.645196027904021,500,5.0,0.18624237179756165,9.120594768319279e-05,6.645196027904021,0.3540620505809784,2.164897918701172,0.03189659118652344,0.18624219730496405,0.18624289333820343,-3.273996790651585,False,True,True,True
46,6.095287149936038,500,5.0,0.18624244630336761,9.093402331927791e-05,6.095287149936038,0.34505099058151245,2.0423030853271484,0.03189659118652344,0.18624229803681375,0.18624281883239746,-2.7716333390286576,False,True,True,True
47,-2.2504324193965104,500,5.0,0.18624219298362732,9.12525865714997e-05,2.2504324193965104,0.7717528343200684,2.6884307861328125,0.03189659118652344,0.18624223947525023,0.18624268472194672,-1.2041447277464745,False,True,True,True
48,-4.233437921395118,500,5.0,0.18624217808246613,9.107747609959915e-05,4.233437921395118,0.7846766710281372,2.8421382904052734,0.03189659118652344,0.18624228462576867,0.18624277412891388,-2.6435854341098333,False,True,True,True
49,3.6499100794995094,500,5.0,0.18624211847782135,9.102158946916461e-05,3.6499100794995094,0.30198270082473755,1.4961814880371094,0.03189659118652344,0.1862422178685665,0.18624264001846313,-1.1247836430470959,False,True,True,True
50,-7.204950327813804,500,5.0,0.1862422078847885,9.080750896828249e-05,7.204950327813804,0.7747702598571777,3.0656261444091797,0.03189659118652344,0.1862423039972782,0.186242938041687,-5.163934815807813,False,True,True,True
51,-6.001835950497833,500,5.0,0.18624241650104523,9.067718929145485e-05,6.001835950497833,0.778373658657074,2.977388381958008,0.03189659118652344,0.1862422774732113,0.18624283373355865,-4.060384678638889,False,True,True,True
52,-9.85275460497989,500,5.0,0.18624205887317657,9.047747153090313e-05,9.85275460497989,0.7758590579032898,3.2731685638427734,0.03189659118652344,0.18624227598309517,0.1862427294254303,-8.290085152364222,False,True,True,True
53,5.738487550042768,500,5.0,0.18624192476272583,9.022903395816684e-05,5.738487550042768,0.33894383907318115,1.9627056121826172,0.03190040588378906,0.18624216854572295,0.18624266982078552,-2.4726773611650397,False,True,True,True
54,3.2970171318406436,500,5.0,0.1862424612045288,9.166730887955055e-05,3.2970171318406436,0.2954964339733124,1.4176692962646484,0.03189659118652344,0.1862422904372215,0.18624283373355865,-0.9571016551704462,False,True,True,True
55,4.1033075725267025,500,5.0,0.18624207377433777,9.104084892896935e-05,4.1033075725267025,0.31031695008277893,1.5974311828613281,0.03189659118652344,0.18624226242303848,0.18624280393123627,-1.3636895211657245,False,True,True,True
56,5.614580620439359,500,5.0,0.18624214828014374,9.178416803479195e-05,5.614580620439359,0.33682096004486084,1.9350528717041016,0.03189659118652344,0.18624228671193122,0.186242938041687,-2.3739451991162492,False,True,True,True
57,-0.8216844892332009,500,5.0,0.18624231219291687,9.091347601497546e-05,0.8216844892332009,0.3900282382965088,1.30462646484375,0.03189659118652344,0.18624218225479125,0.18624275922775269,-0.27101543468963063,False,True,True,True
58,1.3748239190578744,500,5.0,0.18624256551265717,9.114994463743642e-05,1.3748239190578744,0.2550773620605469,0.940338134765625,0.03189659118652344,0.18624226972460747,0.18624290823936462,-0.2777738099276587,False,True,True,True
59,-7.204060037446851,500,5.0,0.18624179065227509,9.080980817088857e-05,7.204060037446851,0.7748026847839355,3.065563201904297,0.03189659118652344,0.18624219298362732,0.18624278903007507,-5.163050610741398,False,True,True,True
60,-7.709398529280531,500,5.0,0.18624186515808105,9.085354395210743e-05,7.709398529280531,0.7820563912391663,3.102602005004883,0.03189659118652344,0.18624222308397292,0.1862426996231079,-5.676913753410827,False,True,True,True
61,3.368059235809433,500,5.0,0.18624229729175568,9.099430462811142e-05,3.368059235809433,0.29680368304252625,1.4334774017333984,0.03189659118652344,0.18624225452542306,0.1862427145242691,-0.9893076728922428,False,True,True,True
62,-0.5780758771373495,500,5.0,0.18624180555343628,9.07176872715354e-05,0.5780758771373495,0.29591479897499084,0.9820575714111328,0.03189659118652344,0.1862422575056553,0.18624266982078552,-0.17782525873521385,False,True,True,True
63,1.3047221296237765,500,5.0,0.18624180555343628,9.082160249818116e-05,1.3047221296237765,0.25306975841522217,0.9229068756103516,0.03189659118652344,0.18624222695827483,0.18624289333820343,-0.26008308281829834,False,True,True,True
64,5.299977148320512,500,5.0,0.18624252080917358,9.028961358126253e-05,5.299977148320512,0.33143115043640137,1.8648262023925781,0.03190040588378906,0.1862422153353691,0.1862427443265915,-2.1352910593778445,False,True,True,True
65,2.694366400011816,500,5.0,0.18624204397201538,9.020532888825983e-05,2.694366400011816,0.2842443883419037,1.2682609558105469,0.03190040588378906,0.1862422551214695,0.18624283373355865,-0.7043487051902602,False,True,True,True
66,1.071588013159916,500,5.0,0.18624232709407806,9.14220217964612e-05,1.071588013159916,0.2463923841714859,0.8649311065673828,0.03189659118652344,0.18624225050210952,0.1862426996231079,-0.20020094558995766,False,True,True,True
67,1.1841432149082713,500,5.0,0.18624208867549896,9.067580685950816e-05,1.1841432149082713,0.2496156394481659,0.8929214477539062,0.03189659118652344,0.1862422700226307,0.1862427443265915,-0.228596369091169,False,True,True,True
68,-3.920998038747756,500,5.0,0.18624234199523926,9.064225741894916e-05,3.920998038747756,0.7815117835998535,2.8180484771728516,0.03190040588378906,0.18624228969216347,0.1862429529428482,-2.408119917898105,False,True,True,True
69,-9.383643308641211,500,5.0,0.1862422674894333,9.144952491624281e-05,9.383643308641211,0.781956136226654,3.228609085083008,0.03189659118652344,0.18624219074845313,0.18624292314052582,-7.648094034435609,False,True,True,True
70,-1.2656522153527519,500,5.0,0.1862425059080124,9.061975288204849e-05,1.2656522153527519,0.5611462593078613,1.8913021087646484,0.03189659118652344,0.18624219089746474,0.186242938041687,-0.5073297465378109,False,True,True,True
71,-5.708306543609416,500,5.0,0.18624232709407806,9.059273725142702e-05,5.708306543609416,0.7754775881767273,2.955789566040039,0.03190040588378906,0.18624227225780488,0.1862429529428482,-3.8094041265783023,False,True,True,True
72,-1.8294271255072765,500,5.0,0.18624205887317657,9.048397623701021e-05,1.8294271255072765,0.7301260232925415,2.4921131134033203,0.03189659118652344,0.186242233812809,0.1862426996231079,-0.9027498017017032,False,True,True,True
73,7.068061465363321,500,5.0,0.18624211847782135,9.116582077695057e-05,7.068061465363321,0.3594224452972412,2.2590999603271484,0.03189659118652344,0.18624213621020316,0.186242938041687,-3.698250036962929,False,True,True,True
74,-5.321210282693185,500,5.0,0.1862422078847885,9.010884969029576e-05,5.321210282693185,0.7755012512207031,2.9259719848632812,0.03190040588378906,0.18624215424060822,0.18624268472194672,-3.4903588236686707,False,True,True,True
75,-8.83394516621868,500,5.0,0.18624159693717957,9.039842552738264e-05,8.83394516621868,0.7779671549797058,3.184976577758789,0.03189659118652344,0.18624223604798318,0.18624278903007507,-6.948902410288243,False,True,True,True
76,-4.372322159560069,500,5.0,0.18624261021614075,9.115252032643184e-05,4.372322159560069,0.78030925989151,2.8528480529785156,0.03189659118652344,0.18624228090047837,0.18624283373355865,-2.7478494754412837,False,True,True,True
77,-4.128124844666328,500,5.0,0.18624253571033478,9.06056011444889e-05,4.128124844666328,0.7751232385635376,2.8340225219726562,0.03190040588378906,0.18624224364757538,0.186242938041687,-2.561787704489939,False,True,True,True
78,3.238330294537901,500,5.0,0.18624231219291687,9.076355490833521e-05,3.238330294537901,0.29440414905548096,1.4033203125,0.03189659118652344,0.18624230414628984,0.186242938041687,-0.9307876449139518,False,True,True,True
79,1.1406430468255664,500,5.0,0.18624238669872284,9.120468894252554e-05,1.1406430468255664,0.248370960354805,0.8821048736572266,0.03189659118652344,0.1862422586977482,0.18624280393123627,-0.21779379850426633,False,True,True,True
80,5.677964182128271,500,5.0,0.18624195456504822,9.074404806597158e-05,5.677964182128271,0.3379063606262207,1.949197769165039,0.03189659118652344,0.18624230474233627,0.18624292314052582,-2.424870186564656,False,True,True,True
81,3.2862708065477513,500,5.0,0.1862422376871109,9.050866356119514e-05,3.2862708065477513,0.2952994704246521,1.4152202606201172,0.03190040588378906,0.18624226585030557,0.1862429678440094,-0.952389575158055,False,True,True,True
82,-1.8722627711985886,500,5.0,0.18624265491962433,9.106601646635681e-05,1.8722627711985886,0.7360913157463074,2.5172500610351562,0.03189659118652344,0.1862423212826252,0.18624286353588104,-0.9314005260024328,False,True,True,True
83,6.280407693320694,500,5.0,0.18624235689640045,9.108221274800599e-05,6.280407693320694,0.3482183814048767,2.0835838317871094,0.03189659118652344,0.1862423075735569,0.18624275922775269,-2.9350978668579066,False,True,True,True
84,-6.660541601845922,500,5.0,0.18624193966388702,9.096465510083362e-05,6.660541601845922,0.7812708616256714,3.025707244873047,0.03189659118652344,0.1862422139942646,0.18624280393123627,-4.646655785011449,False,True,True,True
85,-9.54575853732279,500,5.0,0.1862415224313736,9.03723412193358e-05,9.54575853732279,0.7754582166671753,3.2420902252197266,0.03189659118652344,0.1862423028051853,0.18624284863471985,-7.864176392238923,False,True,True,True
86,-8.199042784487165,500,5.0,0.18624188005924225,9.021515870699659e-05,8.199042784487165,0.7766377925872803,3.138477325439453,0.03190040588378906,0.18624228119850159,0.18624283373355865,-6.20578675959531,False,True,True,True
87,4.447187011929007,500,5.0,0.18624146282672882,9.041826706379652e-05,4.447187011929007,0.3166362941265106,1.6743125915527344,0.03189659118652344,0.18624232813715935,0.18624290823936462,-1.56358077316498,False,True,True,True
88,-0.7624553949722532,500,5.0,0.18624258041381836,9.06668501556851e-05,0.7624553949722532,0.36715853214263916,1.226236343383789,0.03190040588378906,0.18624232351779937,0.1862429827451706,-0.24598065966839813,False,True,True,True
89,-6.774564419327964,500,5.0,0.1862424612045288,9.028846397995949e-05,6.774564419327964,0.7772594690322876,3.0340709686279297,0.03190040588378906,0.1862421627342701,0.18624266982078552,-4.751949558741218,False,True,True,True
90,0.020895502067270755,500,5.0,0.1862429529428482,9.100224997382611e-05,0.1862429529428482,0.06412237137556076,0.187774658203125,0.03190040588378906,0.18624229863286018,0.1862429529428482,-0.058671795210154046,False,True,True,True
91,-6.953757945736632,500,5.0,0.18624204397201538,9.173886792268604e-05,6.953757945736632,0.7837508916854858,3.047210693359375,0.03189659118652344,0.186242286413908,0.1862426996231079,-4.922601844840248,False,True,True,True
92,3.9264075015547206,500,5.0,0.1862422525882721,9.140588372247294e-05,3.9264075015547206,0.3070661425590515,1.5578689575195312,0.03189659118652344,0.18624236166477204,0.18624292314052582,-1.2672025624309817,False,True,True,True
93,-1.0768744885193868,500,5.0,0.1862415373325348,9.037703421199694e-05,1.0768744885193868,0.4884592592716217,1.6420631408691406,0.03189659118652344,0.18624238565564155,0.1862429976463318,-0.3963342361814047,False,True,True,True
94,-2.3795754780703504,500,5.0,0.18624141812324524,9.042535384651273e-05,2.3795754780703504,0.7677077651023865,2.698474884033203,0.03189659118652344,0.1862422828376293,0.18624290823936462,-1.2936507567690245,False,True,True,True
95,-3.96975821704247,500,5.0,0.18624232709407806,9.05600973055698e-05,3.96975821704247,0.7800074219703674,2.821809768676758,0.03190040588378906,0.1862423065304756,0.18624290823936462,-2.445203223197719,False,True,True,True
96,2.605651862377769,500,5.0,0.18624179065227509,9.007345215650275e-05,2.605651862377769,0.28258776664733887,1.246225357055664,0.03190040588378906,0.18624227494001389,0.18624283373355865,-0.6709359672410139,False,True,True,True
97,-2.763747788932191,500,5.0,0.1862422525882721,9.049839718500152e-05,2.763747788932191,0.7775518894195557,2.728343963623047,0.03190040588378906,0.18624215722084045,0.1862427145242691,-1.567720461296326,False,True,True,True
98,-8.24700161367798,500,5.0,0.18624243140220642,9.036283154273406e-05,8.24700161367798,0.7748346328735352,3.1419906616210938,0.03190040588378906,0.1862421940267086,0.18624266982078552,-6.259413553589117,False,True,True,True
99,-7.639881957589694,500,5.0,0.18624210357666016,9.116116416407749e-05,7.639881957589694,0.7846253514289856,3.097505569458008,0.03189659118652344,0.1862423025071621,0.18624284863471985,-5.605753074414564,False,True,True,True
100,9.23795329099029,500,5.0,0.18624253571033478,9.03149411897175e-05,9.23795329099029,0.3918791711330414,2.7382068634033203,0.03190040588378906,0.18624221071600913,0.18624277412891388,-6.425492449290596,False,True,True,True
